院校,地区,城市,区,层次,档位,数据状态,门槛(三年最低),真实录取分年份数,2024复试线,2024录取最低,2024录取最高,2024录取均分,2024统考人数,2025复试线,2025录取最低,2025录取最高,2025录取均分,2025统考人数,2026复试线,2026录取最低,2026录取最高,2026录取均分,2026统考人数
内蒙古科技大学（包头医学院）,内蒙古,包头,B区,,从容区,线估,283,0,294,,,,,283,,,,22,284,,,,27
吉首大学,湖南,吉首,A区,,从容区,线估,283,0,323,,,,4,283,,,318.0,3,294,,,,6
宁夏医科大学,宁夏,银川,B区,B区省属,从容区,线估,283,0,294,,,,,283,,,342.0,20,284,,,,
延边大学,吉林,延吉,B区,211,从容区,线估,283,0,294,,,,18,283,,,336.0,20,284,,,,18
西北民族大学,甘肃,兰州,B区,B区省属,从容区,线估,283,0,294,,,,,283,,,350.0,2,284,,,,
甘肃中医药大学,甘肃,兰州,B区,B区省属,从容区,线估,287,0,294,,,,,304,,,333.0,10,287,,,,
内蒙古医科大学,内蒙古,呼和浩特,B区,B区省属,从容区,实测,289,1,294,,,,,283,,,335.0,43,284,289,379,338.1,49
佳木斯大学,黑龙江,佳木斯,A区,省属,从容区,线估,293,0,304,,,,6,293,,,351.0,6,294,,,,6
华北理工大学,河北,唐山,A区,,从容区,线估,293,0,304,,,,7,293,,,346.0,9,294,,,,14
安徽医科大学,安徽,合肥,A区,省属重点,从容区,线估,293,0,304,,,,,293,,,,,294,,,,
山东第一医科大学,山东,济南,A区,省属,从容区,线估,293,0,304,,,,7,293,,,344.0,28,310,,,,28
成都中医药大学,四川,成都,A区,,从容区,线估,293,0,304,,,,3,293,,,340.0,3,313,,,,4
武汉科技大学,湖北,武汉,A区,,从容区,线估,293,0,304,,,,8,293,,,315.0,5,294,,,,5
河北北方学院,河北,张家口,A区,,从容区,线估,293,0,304,,,,,293,,,341.0,22,294,,,,25
湖南师范大学,湖南,长沙,A区,211,从容区,线估,293,0,304,,,,,293,,,336,7,294,,,,
湖州师范学院,浙江,湖州,A区,省属,从容区,线估,293,0,304,,,,,293,,,,,294,,,,
皖南医学院,安徽,芜湖,A区,省属,从容区,线估,293,0,304,,,,38,293,,,335.0,40,294,,,,
绍兴文理学院,浙江,绍兴,A区,省属,从容区,线估,293,0,317,,,334.83,6,293,,,346,5,294,,,335.6,5
蚌埠医科大学,安徽,蚌埠,A区,省属,从容区,线估,293,0,304,,,,,293,,,349.0,29,294,,,,
西安医学院,陕西,西安,A区,省属,从容区,线估,293,0,322,,,,,293,,,341.0,18,296,,,,
齐齐哈尔医学院,黑龙江,齐齐哈尔,A区,省属,从容区,线估,293,0,304,,,,3,293,,,354.0,5,294,,,,7
南华大学,湖南,衡阳,A区,省属,从容区,实测,294,2,304,,,,,293,294,,,,294,322,,,
浙江中医药大学,浙江,杭州,A区,,从容区,线估,294,0,304,,,,12,307,,,348.0,30,294,,,,17
长治医学院,山西,长治,A区,省属,从容区,线估,294,0,304,,,,,304,,,326.0,17,294,,,,
川北医学院,四川,南充,A区,省属,从容区,实测,295,1,335,,,,,317,,,359,22,333,295,399,,30
新乡医学院,河南,新乡,A区,省属,从容区,实测,295,1,304,,,,,304,,,,,294,295,433,352,358
温州医科大学,浙江,温州,A区,省属重点,从容区,实测,295,2,345,349,427,384,41,293,295,397,351,49,350,,,,
徐州医科大学,江苏,徐州,A区,省属重点,从容区,线估,296,0,321,,,,,296,,,365.0,1,332,,,,84
赣南医科大学,江西,赣州,A区,省属,从容区,实测,297,2,304,,,,9,293,303,377,342,14,294,297,391,340,27
陕西中医药大学,陕西,咸阳,A区,省属,从容区,实测,297,1,304,,,,,297,297,318,308,2,302,,,,
汕头大学,广东,汕头,A区,,从容区,实测,298,1,304,,,,,293,,,347.0,,294,298,380,347,5
扬州大学,江苏,扬州,A区,省属,从容区,实测,299,1,310,,,,,298,299,393,333,8,308,,,,
江苏大学,江苏,镇江,A区,省属,从容区,实测,299,1,327,,,,11,318,,,345.0,8,294,299,379,335,8
牡丹江医科大学,黑龙江,牡丹江,A区,省属,从容区,线估,299,0,304,,,,18,299,,,,16,322,,,,23
大连理工大学,辽宁,大连,A区,985,从容区,线估,300,0,305,,,,,300,,,,,300,,,,1
海南医科大学,海南,海口,B区,省属,从容区,线估,300,0,300,,,,,305,,,353.0,9,305,,,,
青岛大学,山东,青岛,A区,省属重点,从容区,实测,300,1,304,,,,,293,,,352.0,22,294,300,392,364,
南通大学,江苏,南通,A区,省属,稳健区,实测,301,3,308,308,379,345,17,293,301,374,341,19,319,319,383,348,23
福建医科大学,福建,福州,A区,省属重点,稳健区,实测,303,1,315,,,,,340,,,369.0,34,294,303,,,
厦门大学,福建,厦门,A区,985,稳健区,实测,304,1,330,,,,,295,304,357,336,3,295,,,,
延安大学,陕西,延安,A区,省属,稳健区,线估,304,0,304,,,,,325,,,341.0,29,307,,,,
滨州医学院,山东,滨州,A区,省属,稳健区,实测,304,2,304,,,,,293,304,316,311,18,294,306,355,327,5
解放军医学院（301）,北京,北京,A区,,稳健区,线估,304,0,304,,,,,323,,,,,321,,,,
东南大学,江苏,南京,A区,985,稳健区,线估,305,0,340,,,,,335,,,,,305,,,,
中国医科大学,辽宁,沈阳,A区,省属重点,稳健区,线估,305,0,310,,,,,305,,,363.0,42,305,,,,
承德医学院,河北,承德,A区,省属,稳健区,实测,305,3,304,311,371,340,6,293,305,371,337,17,294,343,373,357,16
济宁医学院,山东,济宁,A区,省属,稳健区,实测,305,2,304,342,,,,293,,,360.0,4,294,305,,336,5
电子科技大学,四川,成都,A区,985,稳健区,线估,305,0,365,,,,,360,,,372.0,9,305,,,,
遵义医科大学,贵州,遵义,B区,省属,稳健区,实测,306,1,315,,,,,305,306,370,336,36,305,,,,
宁波大学,浙江,宁波,A区,双一流,稳健区,实测,307,2,304,362,381,369.89,9,293,307,389,362.0,13,294,,,,
华中科技大学,湖北,武汉,A区,985,稳健区,实测,309,1,340,,,,,340,309,362,328,14,345,,,,
湖北医药学院,湖北,十堰,A区,省属,稳健区,实测,309,1,304,,,,2,293,309,362,328,5,304,,,,
中山大学,广东,广州,A区,985,稳健区,线估,310,0,315,,,,,310,,,364.0,29,310,,,,
大连医科大学,辽宁,大连,A区,省属重点,稳健区,实测,310,1,304,,,,21,293,,,340.0,41,294,310,412,364,45
江南大学,江苏,无锡,A区,211,稳健区,实测,310,3,319,319,392,353,8,310,310,389,337,9,335,337,390,357,8
河南科技大学,河南,洛阳,A区,,稳健区,实测,310,2,304,310,,,9,294,321,,336.0,10,294,,,,5
广东省心血管病研究所,广东,广州,A区,科研院所,稳健区,实测,311,3,304,321,333,327,2,305,311,330,321,2,310,316,399,361,6
广州医科大学,广东,广州,A区,省属重点,稳健区,实测,313,2,315,,,,,300,313,384,354,27,300,317,426,369,28
河南大学,河南,开封,A区,双一流,稳健区,实测,314,1,343,,,,18,323,,,353.0,18,294,314,,,18
贵州医科大学,贵州,贵阳,B区,省属,稳健区,线估,316,0,319,,,,20,316,,,349,21,319,,,,20
南京医科大学,江苏,南京,A区,省属重点,稳健区,实测,317,3,315,317,411,,50,320,320,405,,51,323,337,424,,42
南方医科大学,广东,广州,A区,省属重点,稳健区,实测,317,3,315,320,408,375,26,305,344,414,380,22,310,317,429,391,16
广东医科大学,广东,湛江,A区,省属,稳健区,实测,317,3,317,317,391,354,32,293,327,403,354,31,294,332,424,368,28
沈阳医学院,辽宁,沈阳,A区,省属,稳健区,实测,319,1,304,,,,4,293,,,343.0,8,294,319,382,355,7
大连大学,辽宁,大连,A区,,稳健区,实测,320,1,304,,,,,293,320,,323.2,4,304,,,,
山东大学,山东,济南,A区,985,稳健区,线估,320,0,320,,,,,320,,,364.0,7,340,,,,
锦州医科大学,辽宁,锦州,A区,省属,进取区,实测,322,1,304,,,,43,293,,,332.0,42,294,322,391,344,43
山东第二医科大学,山东,潍坊,A区,省属,进取区,实测,325,1,304,,,,,293,,,,,294,325,383,353,47
吉林大学,吉林,长春,A区,985,进取区,实测,326,2,320,,,,,310,326,399,375,28,320,364,420,391,33
南昌大学,江西,南昌,A区,211,进取区,实测,327,1,304,,,,,293,327,408,359,61,294,,,,33
苏州大学,江苏,苏州,A区,211,进取区,实测,327,3,347,347,405,373,15,318,327,390,356,13,374,374,410,391,10
兰州大学,甘肃,兰州,B区,985,进取区,实测,328,2,310,,,,,315,334,376,351,12,315,328,400,366,16
上海交通大学,上海,上海,A区,985,进取区,实测,331,3,360,362,401,385,12,320,334,407,365,10,330,331,410,378,14
成都医学院,四川,成都,A区,省属,进取区,实测,332,1,332,332,389,359,14,332,,,349,14,347,,,,
武汉大学,湖北,武汉,A区,985,冲刺区,实测,336,1,340,,,,,335,336,376,351,12,360,,,,
广东药科大学,广东,广州,A区,,冲刺区,实测,338,1,304,,,,,293,338,,340.0,1,294,,,,1
西南医科大学,四川,泸州,A区,省属,冲刺区,实测,341,1,306,,,,,351,,,366.1,25,325,341,,370.8,
首都医科大学,北京,北京,A区,双一流,冲刺区,实测,342,2,340,342,379,361,26,330,351,381,363,23,330,,,,
天津医科大学,天津,天津,A区,211/双一流,冲刺区,线估,344,0,344,,,,,361,,,376.0,10,344,,,,
长春中医药大学,吉林,长春,A区,,冲刺区,实测,346,1,316,346,363,,2,293,,,334.0,2,294,,,,2
西安交通大学,陕西,西安,A区,985,冲刺区,实测,347,2,335,,,,,325,347,385,374,10,370,373,392,381,7
哈尔滨医科大学,黑龙江,哈尔滨,A区,省属重点,冲刺区,实测,348,1,310,,,,,310,,,363.0,46,310,348,403,373,10
河北医科大学,河北,石家庄,A区,省属重点,冲刺区,实测,348,1,304,,,,,293,,,362.0,44,294,348,408,385,32
同济大学,上海,上海,A区,985,冲刺区,线估,350,0,350,,,,,355,,,,,365,,,,8
